ligand_id,docked_conformation_count,ensemble_best_score_kcal_mol,ensemble_mean_score_kcal_mol,ensemble_median_score_kcal_mol,ensemble_score_std_kcal_mol,enopt_style_weighted_score_kcal_mol,smiles,source,mol_weight,heavy_atoms,logp,hbd,hba,tpsa
CHEMBL3311247,5,-14.48,-13.146,-13.05,1.2488915084986365,-13.16386602689539,O=C(c1cccc(C(=O)c2cccc(-c3nnn4ccccc34)n2)n1)c1cccc(-c2nnn3ccccc23)n1,ChEMBL37_chemreps,523.516,40,3.753,0,11,133.19
CHEMBL16965,5,-13.35,-12.888,-12.96,0.5530551509569366,-12.896029937342574,Nc1nc(NCc2cccc(CNS(=O)(=O)c3cccc4ccccc34)c2)nc2ccccc12,ChEMBL37_chemreps,469.57,34,4.456,3,6,110.0
CHEMBL36113,5,-13.71,-12.772,-13.04,1.0595612299437915,-12.787322183683113,O=c1cc(-c2nn[nH]n2)oc2cc(/C=C/c3cccc(OCc4ccc5ccccc5n4)c3)ccc12,ChEMBL37_chemreps,473.492,36,5.271,1,7,106.79
CHEMBL4436402,5,-13.65,-12.738,-13.21,1.065161959516017,-12.754024231759079,c1cc(C/N=C2\C3C4CC5C6C4C2C6C2(OCCO2)C53)ccc1C/N=C1/C2C3CC4C5C3C1C5C1(OCCO1)C42,ChEMBL37_chemreps,536.672,40,3.83,0,6,61.64
CHEMBL33607,5,-13.48,-12.706,-13.1,1.0067174380132689,-12.720623380789984,O=c1cc(-c2cccc(/C=C/c3ccc4ccccc4n3)c2)oc2ccc(-c3nn[nH]n3)cc12,ChEMBL37_chemreps,443.466,34,5.359,1,6,97.56
CHEMBL12018,5,-13.91,-12.628,-12.96,1.022800078216657,-12.640911287656914,O=C(/C=C/c1cccc(/C=C/c2ccc3ccccc3n2)c1)c1cc(-c2nn[nH]n2)ccc1O,ChEMBL37_chemreps,445.482,34,5.187,2,6,104.65
CHEMBL12143,5,-13.25,-12.620000000000001,-12.71,0.6867677919064052,-12.629516586415715,O=C(/C=C/c1cccc(/C=C/c2ccc3ccccc3n2)c1)c1cc(Cl)cc(-c2nn[nH]n2)c1O,ChEMBL37_chemreps,479.927,35,5.84,2,6,104.65
CHEMBL26449,5,-13.43,-12.604000000000001,-12.76,0.9511203919588727,-12.616314217298553,CCCCc1nc2cc(C3=NN(Cc4ccc(-c5ccccc5-c5nn[nH]n5)cc4)C(=O)CC3C)ccc2[nH]1,ChEMBL37_chemreps,518.625,39,5.525,2,6,115.81
CHEMBL11778,5,-13.33,-12.558000000000002,-12.97,1.0550450227359964,-12.570762122618756,O=C(/C=C/c1cccc(OCc2ccc3ccccc3c2)c1)c1cc(-c2nn[nH]n2)ccc1O,ChEMBL37_chemreps,448.482,34,5.201,2,6,100.99
CHEMBL21788,5,-13.67,-12.55,-12.48,1.0134840896629806,-12.563964398723856,COc1ccccc1N1CCN(C(=O)CCc2c3n(c4ccc(C)cc24)C(=O)c2ccccc2-3)CC1,ChEMBL37_chemreps,479.58,36,4.909,0,5,54.78
CHEMBL7285,5,-13.49,-12.53,-12.86,1.1141364368873323,-12.544318501231215,C/C(=C\Cn1oc(=O)[nH]c1=O)c1ccc2oc(Cc3nc(-c4ccc(C(F)(F)F)cc4)oc3C)cc2c1,ChEMBL37_chemreps,511.456,37,5.552,1,7,107.17
CHEMBL11899,5,-13.36,-12.508,-13.01,1.1125286513164505,-12.52399419013581,O=C(/C=C/c1ccc(OCc2ccc3ccccc3n2)cc1)c1cc(-c2nn[nH]n2)ccc1O,ChEMBL37_chemreps,449.47,34,4.596,2,7,113.88
CHEMBL13933,5,-13.13,-12.506,-12.65,0.6056649238646732,-12.513075890223408,N[C@@H]1CCc2ccccc2N(Cc2ccc(-c3ccccc3-c3nn[nH]n3)cc2)C1=O,ChEMBL37_chemreps,410.481,31,3.34,2,5,100.79
CHEMBL6354,5,-13.64,-12.484,-12.42,1.0144604477257848,-12.497137108453247,Nc1cc[n+](Cc2cccc(-c3cccc(C[n+]4ccc(N)c5ccccc54)c3)c2)c2ccccc12,ChEMBL37_chemreps,468.604,36,5.496,2,2,59.8
CHEMBL18765,5,-13.57,-12.466000000000001,-12.35,1.1219313704500822,-12.475310165772703,O=C([O-])Cc1ccccc1Cn1nnc(-c2cccc(/C=C/c3ccc4ccccc4n3)c2)n1,ChEMBL37_chemreps,446.49,34,3.399,0,7,96.62
CHEMBL264478,5,-13.15,-12.456,-12.7,0.9521712030932251,-12.465965450717981,O=C([O-])c1cc(F)ccc1Cn1nnc(-c2cccc(/C=C/c3ccc4ccc(Cl)cc4n3)c2)n1,ChEMBL37_chemreps,484.898,35,4.263,0,7,96.62
CHEMBL11533,5,-13.2,-12.453999999999999,-12.81,0.9325931588854809,-12.465462731921793,O=C(/C=C/c1cccc(OCc2ccc3ccccc3n2)c1)c1cc(-c2nn[nH]n2)ccc1O,ChEMBL37_chemreps,449.47,34,4.596,2,7,113.88
CHEMBL4435994,5,-13.14,-12.418,-12.77,0.7695908003608155,-12.428207190791781,Cc1ccc(S(=O)(=O)Nc2ccccc2C(=O)Nc2nc3c(ccc4ccccc43)s2)cc1,ChEMBL37_chemreps,473.579,33,5.811,2,5,88.16
CHEMBL16349,5,-13.65,-12.378,-12.43,1.1637310685893025,-12.38868891938431,O=c1c2c(oc(O)c1C(c1cccc(NS(=O)(=O)c3cccc4cccnc34)c1)C1CC1)CCCCCC2,ChEMBL37_chemreps,530.646,38,5.895,2,6,109.5
CHEMBL25527,5,-13.11,-12.361999999999998,-12.76,1.1585637660482908,-12.377670571792354,CCc1nc2cc(OC3CCN(C(C)=N)CC3)ccc2n1Cc1cccc(-c2cccc(C(=N)N)c2)c1,ChEMBL37_chemreps,494.643,37,5.438,3,5,104.01
CHEMBL19726,5,-13.12,-12.361999999999998,-12.7,1.1027783095436723,-12.374438771078665,O=C([O-])c1ccccc1Cn1nnc(-c2cccc(/C=C/c3ccc4ccccc4n3)c2)n1,ChEMBL37_chemreps,432.463,33,3.471,0,7,96.62
CHEMBL32426,5,-13.14,-12.35,-12.72,0.8114493206602619,-12.362119230159099,O=c1cc(-c2nn[nH]n2)oc2cc(OCc3cccc(OCc4ccc5ccccc5n4)c3)ccc12,ChEMBL37_chemreps,477.48,36,4.679,1,8,116.02
CHEMBL1163440,5,-13.45,-12.342,-12.27,1.1440804167539969,-12.35743315641726,Cc1nc2ccccc2c2ccc(C[C@H](NC(=O)[C@@H](N)Cc3ccc4c(c3)c(C)nc3ccccc34)C(=O)O)cc12,ChEMBL37_chemreps,542.639,41,5.388,3,5,118.2
CHEMBL6361,5,-13.59,-12.324000000000002,-12.59,1.3788328397597733,-12.338488521717178,Nc1cc[n+](Cc2ccc(/C=C\c3ccc(C[n+]4ccc(N)c5ccccc54)cc3)cc2)c2ccccc12,ChEMBL37_chemreps,494.642,38,5.999,2,2,59.8
CHEMBL17417,5,-13.74,-12.315999999999999,-12.04,1.4869868862905284,-12.336474741392626,Nc1nc(NCCC2CCN(S(=O)(=O)c3cccc4ccccc34)CC2)nc2ccccc12,ChEMBL37_chemreps,461.591,33,4.268,2,6,101.21
CHEMBL32766,5,-14.24,-12.318000000000001,-11.88,1.4016847006370585,-12.336446294611303,O=C(NC1CCN(Cc2ccc3ccccc3c2)CC1)C1c2ccccc2Oc2ccccc21,ChEMBL37_chemreps,448.566,34,5.858,1,3,41.57
CHEMBL22115,5,-13.49,-12.312000000000001,-12.56,1.2188396120901226,-12.327135720381511,Cc1cc(C(=O)Nc2ccc(-c3ccccc3S(C)(=O)=O)cc2F)n(-c2cc3ccccc3cc2F)n1,ChEMBL37_chemreps,517.557,37,5.935,1,5,81.06
CHEMBL22553,5,-13.46,-12.309999999999999,-12.25,1.190378091196239,-12.326686957438596,NC(=O)c1ccc2[nH]cc(C3=CCC(NCCNC4CC=C(c5c[nH]c6ccc(C(N)=O)cc56)CC4)CC3)c2c1,ChEMBL37_chemreps,536.68,40,4.598,6,4,141.82
CHEMBL41982,5,-14.22,-12.3,-12.26,1.401267283568699,-12.31693607536554,Cc1cc(C(=O)Nc2ccc(-c3ccccc3S(N)(=O)=O)cc2)n(-c2cc3ccccc3cc2F)n1,ChEMBL37_chemreps,500.555,36,5.04,2,5,107.08
CHEMBL32944,5,-13.27,-12.297999999999998,-12.69,1.1821040563334513,-12.314031588333021,O=C(O)c1ccc2c(=O)cc(-c3cccc(/C=C/c4ccc5ccccc5n4)c3)oc2c1,ChEMBL37_chemreps,419.436,32,5.877,1,4,80.4
CHEMBL21013,5,-13.71,-12.292600000000002,-12.31,1.5255716305699976,-12.31296891107894,Cc1cc(C(=O)Nc2ccc(-c3ccccc3S(N)(=O)=O)cn2)n(-c2cc3ccccc3cc2F)n1,ChEMBL37_chemreps,501.543,36,4.435,2,6,119.97
CHEMBL18381,5,-12.85,-12.3,-12.42,0.7024955515873392,-12.30707090050558,C(=C/c1cccc(-c2nn[nH]n2)c1)\c1cccc(OCc2ccc3ccccc3n2)c1,ChEMBL37_chemreps,405.461,31,5.164,1,5,76.58
CHEMBL20897,5,-13.59,-12.278,-12.25,1.2610987273009198,-12.295237412381827,Cc1cc(C(=O)Nc2ccc(C(=N)N3CCCCC3)cc2F)n(-c2cc3ccccc3cc2F)n1,ChEMBL37_chemreps,473.527,35,5.676,2,4,74.01
CHEMBL19473,5,-13.1,-12.282,-12.43,0.6173896662562469,-12.283018225506734,COc1cc(C(=O)[O-])ccc1Cn1nnnc1-c1cccc(/C=C/c2ccc3ccccc3n2)c1,ChEMBL37_chemreps,462.489,35,3.479,0,8,105.85
CHEMBL36599,5,-13.7,-12.266,-11.56,1.2253897339214161,-12.279920640410499,O=S1(=O)c2cccc3cccc(c23)N1CCCCN1C2CCC1c1c([nH]c3ccc(F)cc13)C2,ChEMBL37_chemreps,475.589,34,5.511,1,3,56.41
CHEMBL31476,5,-13.45,-12.258000000000001,-12.31,1.1926315441073994,-12.274993115417919,O=C(CN1C(=O)CNC1=O)NCc1cc2cc(C(=O)N3CCC(N4C(=O)OCc5ccccc54)CC3)ccc2o1,ChEMBL37_chemreps,545.552,40,2.362,2,7,141.5
CHEMBL21562,5,-12.68,-12.248000000000001,-12.39,0.49484340957519096,-12.255307493388791,N=C(c1ccc(NC(=O)c2nnnn2-c2ccc3cc(Cl)ccc3c2)c(F)c1)N1CCCCC1,ChEMBL37_chemreps,477.931,34,4.672,2,6,99.79
CHEMBL6356,5,-13.29,-12.236,-12.88,1.2279576539930033,-12.254208097700717,Nc1cc[n+](Cc2ccc3c(c2)Cc2cc(C[n+]4ccc(N)c5ccccc54)ccc2-3)c2ccccc12,ChEMBL37_chemreps,480.615,37,5.4,2,2,59.8
CHEMBL11812,5,-13.54,-12.226,-12.36,1.281456202919163,-12.244929243466832,O=C(/C=C/c1ccc(OCc2ccc3ccccc3c2)cc1)c1cc(-c2nn[nH]n2)ccc1O,ChEMBL37_chemreps,448.482,34,5.201,2,6,100.99
CHEMBL13984,5,-13.23,-12.212,-12.51,1.0841909425926786,-12.226077269717692,CC(C)(N)C(=O)N[C@@H]1CCc2ccccc2N(Cc2ccc(-c3ccccc3-c3nn[nH]n3)cc2)C1=O,ChEMBL37_chemreps,495.587,37,3.235,3,6,129.89
CHEMBL582221,5,-13.18,-12.203999999999999,-12.31,0.9806273502202558,-12.215463519773257,O=C(Nc1cccc(-c2nc3ccccc3[nH]2)c1)c1ccc(-c2cccc([N+](=O)[O-])c2)o1,ChEMBL37_chemreps,424.416,32,5.65,2,5,114.06
CHEMBL38140,5,-13.05,-12.181999999999999,-12.21,0.9752794471329747,-12.190728457428913,Cc1cccc(-c2nc(Cc3cc4cc(CC5OC(=O)NC5=O)ccc4o3)c(C)o2)c1,ChEMBL37_chemreps,416.433,31,4.473,1,6,94.57
CHEMBL22945,5,-13.05,-12.142,-12.26,0.8111534996534259,-12.151800538071827,Cc1cc(OCc2ccc(-c3ccccc3-c3nn[nH]n3)cc2)c(-c2ccncc2)c(C)n1,ChEMBL37_chemreps,434.503,33,5.187,1,6,89.47
CHEMBL23006,5,-12.75,-12.14,-12.28,0.5291502622129183,-12.143437899929953,Cc1cc(OCc2ccc(-c3ccccc3-c3nn[nH]n3)cc2)c(Cc2ccccc2)c(C)n1,ChEMBL37_chemreps,447.542,34,5.715,1,5,76.58
CHEMBL3309389,5,-13.24,-12.117,-12.87,1.3669290398553977,-12.137557813249636,C[C@H](O)CNc1nccc(-n2ccnc2Cc2cccc(NC(=O)c3ccc(-c4ccccc4)cc3)c2)n1,ChEMBL37_chemreps,504.594,38,4.965,3,7,104.96
CHEMBL1222706,5,-12.76,-12.114,-12.4,1.00023997120691,-12.12767034436666,O=C(NCc1ccccn1)c1ccc(-c2cnc3ccc(NCc4ccc(Cl)c(Cl)c4)nn23)cc1,ChEMBL37_chemreps,503.393,35,5.64,2,6,84.21
CHEMBL18750,5,-12.45,-12.094,-12.4,0.5808872523992931,-12.10064917506466,O=C(O)c1cccc(Cn2nnc(-c3cccc(CSc4ccc5ccccc5n4)c3)n2)c1,ChEMBL37_chemreps,453.527,33,4.927,1,7,93.79
CHEMBL33329,5,-12.64,-12.088000000000001,-12.49,0.8510992891549143,-12.09985700470465,O=C(O)c1ccc2oc(-c3cccc(/C=C/c4ccc5ccccc5n4)c3)cc(=O)c2c1,ChEMBL37_chemreps,419.436,32,5.877,1,4,80.4
CHEMBL39830,5,-13.16,-12.071,-12.85,1.8924005918409557,-12.09535528169991,Nc1ccc(C(=O)N2CCc3cc(S(=O)(=O)N4CC(c5ccccc5)NC4=O)ccc32)cc1,ChEMBL37_chemreps,462.531,33,2.927,2,5,112.81
CHEMBL38628,5,-12.92,-12.076,-12.35,1.0730470632735543,-12.088231678871619,Cc1ccc(-c2nc(Cc3cc4cc(CC5OC(=O)NC5=O)ccc4o3)c(C)o2)cc1,ChEMBL37_chemreps,416.433,31,4.473,1,6,94.57
CHEMBL20629,5,-12.85,-12.072000000000001,-12.7,1.0344902126168227,-12.087385663587177,Cc1cc(C(=O)Nc2ccc(C(=O)N3CCCCC3)cc2)n(-c2ccc3cc(Cl)ccc3c2)n1,ChEMBL37_chemreps,472.976,34,5.866,1,4,67.23
CHEMBL4434850,5,-13.94,-12.053199999999999,-11.94,1.8654144847727545,-12.079542336575717,FC(F)(F)c1ccc(COc2cccc(Nc3ncnc4cc5c(cc34)OCCOCCOCCO5)c2)cc1,ChEMBL37_chemreps,541.526,39,5.776,1,8,83.96
CHEMBL11745,5,-12.84,-12.063999999999998,-12.32,0.9731803532747666,-12.075199587207,O=C(O)c1cc(F)cc(C(=O)/C=C/c2cccc(/C=C/c3ccc4ccccc4n3)c2)c1O,ChEMBL37_chemreps,439.442,33,5.844,2,4,87.49
CHEMBL22003,5,-13.7,-12.0474,-11.69,1.6291159565850426,-12.062322578010756,CN1C(=O)[C@H](NC(=O)Nc2cccc(N(C)c3nn[nH]n3)c2)N=C(c2ccccc2)c2ccccc21,ChEMBL37_chemreps,481.52,36,2.929,3,7,131.5
CHEMBL4543357,5,-13.15,-12.033999999999999,-11.9,1.1187180163025896,-12.047839894724861,O=C(/C=C/c1ccc2c(c1)OCO2)N1CCN(CCN2C(=O)c3cccc4cccc(c34)C2=O)CC1,ChEMBL37_chemreps,483.524,36,3.022,0,6,79.39
CHEMBL3309962,5,-12.83,-12.024000000000001,-12.24,0.8585627525114281,-12.035069587293727,O=C(NCc1ccc(F)cc1)c1ccc(=O)n(-c2ccc(Oc3ccnc4ccsc34)c(F)c2)c1,ChEMBL37_chemreps,489.503,35,5.448,1,6,73.22
CHEMBL16377,5,-13.05,-12.036000000000001,-11.88,0.5878179990439217,-12.032066423831319,CC(=O)c1c(O)n(O)c2cc(NC(=O)c3ccc4ccccc4c3)ccc12,ChEMBL37_chemreps,360.369,27,4.192,3,5,91.56
CHEMBL31163,5,-12.95,-12.022,-12.1,0.6697910121821581,-12.030869010946766,O=C(Cc1cccnc1)NCc1cc2cc(C(=O)N3CCC(N4C(=O)OCc5ccccc54)CC3)ccc2o1,ChEMBL37_chemreps,524.577,39,4.448,1,6,104.98
CHEMBL24780,5,-13.46,-12.005199999999999,-12.61,1.5154290481576496,-12.023996786342135,CCc1nc2ccc(OC3CCN(C(C)=N)CC3)cc2n1Cc1ccc(-c2cccc(C(=N)N)c2)cc1,ChEMBL37_chemreps,494.643,37,5.438,3,5,104.01
CHEMBL19614,5,-13.44,-12.004000000000001,-12.51,1.2267966416647866,-12.020124075570028,O=C([O-])c1cccc(Cn2nnc(-c3cccc(/C=C/c4ccc5ccccc5n4)c3)n2)c1,ChEMBL37_chemreps,432.463,33,3.471,0,7,96.62
CHEMBL8949,5,-12.57,-12.0,-12.15,0.6285698051927091,-12.007986434620829,O=C(NCC=C(c1ccccc1)c1ccccc1)c1ccc2ccccc2c1,ChEMBL37_chemreps,363.46,28,5.702,1,1,29.1
CHEMBL4436123,5,-12.58,-11.993999999999998,-12.23,0.6559573156844888,-12.00223699874516,Nc1ncnc2c3c(n(-c4ccc(NC(=O)Cc5cc(C(F)(F)F)ccc5F)cc4)c12)CCC3,ChEMBL37_chemreps,469.442,34,4.831,2,5,85.83
CHEMBL39315,5,-13.5,-11.99,-11.9,1.2698031343479976,-12.000663613408484,Cc1oc(-c2ccc3ccccc3c2)nc1COc1ccc(CCCC2OC(=O)NC2=O)cc1,ChEMBL37_chemreps,456.498,34,5.34,1,6,90.66
CHEMBL17022,5,-12.43,-11.989999999999998,-12.23,0.548270006474912,-11.997989871902213,O=S(=O)(NC[C@H]1CC[C@H](CNCc2ccc3ccccc3c2)CC1)c1ccc2ccccc2c1,ChEMBL37_chemreps,472.654,34,5.868,2,3,58.2
CHEMBL3309386,5,-12.7,-11.970000000000002,-11.88,0.7197221686178631,-11.980250946977906,C[C@H](O)CNc1nccc(-n2ccnc2Cc2cccc(NC(=O)C3Cc4ccccc4N3)c2)n1,ChEMBL37_chemreps,469.549,35,3.021,4,8,116.99
CHEMBL29731,5,-13.02,-11.958000000000002,-12.32,1.0816746276029587,-11.973650953224944,O=C(c1ccc(Nc2ccnc3cc(C(F)(F)F)ccc23)cc1)N1CCN(c2[nH]cnc3ncnc2-3)CC1,ChEMBL37_chemreps,518.503,38,4.578,2,7,102.93
CHEMBL4436435,5,-13.07,-11.962,-12.04,1.1674630615141532,-11.973247814656103,CC(C)(C)c1cc(NC(=O)Cc2ccc(-n3c4c(c5ncnc(N)c53)CCC4)cc2)n(-c2ccccc2)n1,ChEMBL37_chemreps,505.626,38,5.156,2,7,103.65
CHEMBL3309551,5,-12.73,-11.964,-12.08,0.7518842996099868,-11.968991506633957,C[C@H](O)CNc1nccc(-n2ccnc2C(=O)c2cccc(NC(=O)c3cccc(C(F)(F)F)c3)c2)n1,ChEMBL37_chemreps,510.476,37,3.957,3,8,122.03
CHEMBL38271,5,-12.82,-11.958000000000002,-12.09,0.9747666387397548,-11.96787851487885,CC1(C)C(=O)Nc2cc3[nH]c(-c4ccnc5ccccc45)nc3cc21,ChEMBL37_chemreps,328.375,25,4.008,2,3,70.67
CHEMBL529058,5,-13.04,-11.95,-11.55,0.9548036447353977,-11.96221054721296,O=C(Nc1ccc(-c2ccccc2)cc1)Nc1cccc(Cn2nc(Cl)c(N3CCNCC3)cc2=O)c1,ChEMBL37_chemreps,515.017,37,4.666,3,6,91.29
CHEMBL20496,5,-12.83,-11.946,-12.29,0.9531421719764579,-11.95941736900324,N=C(c1ccc(NC(=O)c2nnnn2-c2ccc3cc(Cl)ccc3c2)c(F)c1)N1CCCC1,ChEMBL37_chemreps,463.904,33,4.281,2,6,99.79
CHEMBL31252,5,-13.15,-11.94,-12.23,1.2055289295574785,-11.95241236392972,O=C(OCc1ccc([C@H]2CCNC[C@@H]2OCc2ccc3ccccc3c2)cc1)c1ccccc1,ChEMBL37_chemreps,451.566,34,5.859,1,4,47.56
CHEMBL4553666,5,-12.67,-11.948,-11.89,0.7329529316402251,-11.95143903529221,Cc1cc(C)nc(NS(=O)(=O)c2cccc(NC(=O)NC(=O)c3ccc(Cl)cc3Cl)c2)n1,ChEMBL37_chemreps,494.36,32,4.163,3,6,130.15
CHEMBL17645,5,-12.61,-11.928,-12.05,0.7655520883649914,-11.93828376742799,Nc1nc(NC[C@H]2CC[C@H](CNS(=O)(=O)c3cccc4ccccc34)CC2)nc2ccccc12,ChEMBL37_chemreps,475.618,34,4.562,3,6,110.0
CHEMBL28867,5,-12.59,-11.924000000000001,-12.31,1.072697534256512,-11.936660303979908,O=C1c2ccccc2CCC1CN1CCN(CCOC(c2ccc(F)cc2)c2ccc(F)cc2)CC1,ChEMBL37_chemreps,490.594,36,5.134,0,4,32.78
CHEMBL20881,5,-12.91,-11.916,-12.25,1.0965764907200957,-11.93202851650606,O=C(CCCCC1SCC2NC(=O)NC21)Nc1cccc2c1CC(N1CCC(c3ccccc3)CC1)C(O)C2,ChEMBL37_chemreps,548.753,39,4.059,4,5,93.7
CHEMBL19400,5,-12.68,-11.924000000000001,-12.1,0.6546984038471456,-11.930149967554808,O=C(O)Cc1ccccc1Cn1nnc(-c2cccc(OCc3ccc4ccccc4n3)c2)n1,ChEMBL37_chemreps,451.486,34,4.143,1,7,103.02
CHEMBL4436461,5,-13.08,-11.912,-11.75,1.074788351258051,-11.927220390264106,Cc1cccc([C@@H](C)Nc2nc(C)nc3ccc([C@H]4CC[C@H](C(=O)N(C)C)CC4)cc23)c1,ChEMBL37_chemreps,430.596,32,5.782,1,4,58.12
CHEMBL3309388,5,-13.11,-11.91,-11.77,1.0106186224288565,-11.922100139979156,C[C@H](O)CNc1nccc(-n2ccnc2Cc2cccc(NC(=O)Cc3ccc(-c4ccccc4)cc3)c2)n1,ChEMBL37_chemreps,518.621,39,4.894,3,7,104.96
CHEMBL19272,5,-12.23,-11.914000000000001,-11.95,0.3645270908999767,-11.918717659990094,O=C([O-])c1ccccc1Cn1nnnc1-c1cccc(OCc2ccc3ccccc3n2)c1,ChEMBL37_chemreps,436.451,33,2.879,0,8,105.85
CHEMBL21432,5,-13.02,-11.9,-12.12,1.1631208019806027,-11.91729800995566,Cc1ccc(S(=O)(=O)OCc2ccc3c(c2)C(=O)c2ccccc2C3=O)cc1,ChEMBL37_chemreps,392.432,28,3.676,0,5,77.51
CHEMBL6932,5,-12.6,-11.906,-12.13,0.9886253081931496,-11.916875642269142,Cc1oc(-c2ccc(C(F)(F)F)cc2)nc1COc1cccc(C2(C)CC2Cn2oc(=O)[nH]c2=O)c1,ChEMBL37_chemreps,501.461,36,4.669,1,7,103.26
CHEMBL19226,5,-13.13,-11.892,-12.16,1.2338030637018214,-11.906991975034664,O=S1(=O)c2ccccc2-c2ccccc2N1CCN1CCC(Cc2c[nH]c3ccc(F)cc23)CC1,ChEMBL37_chemreps,489.616,35,5.437,1,3,56.41
CHEMBL11793,5,-12.71,-11.895999999999999,-12.01,1.0124129592216808,-11.906363858962505,N#Cc1ccc(O)c(C(=O)/C=C/c2cccc(/C=C/c3ccc4ccccc4n3)c2)c1,ChEMBL37_chemreps,402.453,31,5.879,1,4,73.98
CHEMBL38480,5,-12.93,-11.895999999999999,-11.79,1.0995817386624784,-11.904286448412002,Cc1oc(-c2ccc3ccccc3c2)nc1CCOc1ccc(CC2OC(=O)NC2=O)cc1,ChEMBL37_chemreps,442.471,33,4.602,1,6,90.66
CHEMBL1210578,5,-13.31,-11.886000000000001,-11.57,1.0259288474353376,-11.899451512725369,O=C(Cn1nc(C2CCC(F)(F)CC2)c2cnccc2c1=O)NC1Cc2ccccc2C1,ChEMBL37_chemreps,438.478,32,3.368,1,5,76.88
CHEMBL20466,5,-12.72,-11.892,-11.62,0.7038962991804976,-11.894709860737107,CC1(C)N=C(N)N=C(N)N1c1cccc(COc2cccc3ccccc23)c1,ChEMBL37_chemreps,373.46,28,3.604,2,6,89.23
CHEMBL3309384,5,-12.36,-11.886,-12.07,0.4339700450491946,-11.89189581691539,C[C@H](O)CNc1nccc(-n2ccnc2Cc2cccc(NC(=O)c3ccc4ccccc4n3)c2)n1,ChEMBL37_chemreps,479.544,36,3.846,3,8,117.85
CHEMBL15909,5,-12.81,-11.876000000000001,-12.23,0.9933176732546342,-11.890744042325917,CN1CCC2(CC1)COc1ccc(NC(=O)NCCN3CCC(c4c[nH]c5cc(F)ccc45)CC3)cc12,ChEMBL37_chemreps,505.638,37,4.664,3,4,72.63
CHEMBL18224,5,-12.54,-11.873999999999999,-11.82,0.5659328582084625,-11.880533869002699,O=S1(=O)c2cccc3cccc(c23)N1CCCN1CC=C(c2c[nH]c3ccc(F)cc23)CC1,ChEMBL37_chemreps,461.562,33,5.148,1,3,56.41
CHEMBL4543398,5,-13.08,-11.8608,-12.19,1.2554932098581812,-11.877155688630355,CC(C)c1cccc(-c2ccc3nnc(-c4ccc5c(c4)NC(=O)CO5)n3c2)c1,ChEMBL37_chemreps,384.439,29,4.518,1,5,68.52
CHEMBL3309474,5,-12.57,-11.8614,-12.29,1.0843222768162613,-11.875156014138822,Nc1nccc(Oc2ccc(-n3cc(C(=O)NCc4ccc(F)cc4)ccc3=O)cc2F)c1Cl,ChEMBL37_chemreps,482.874,34,4.469,2,6,99.24
CHEMBL42971,5,-13.36,-11.8586,-11.99,1.32815465966882,-11.872555932164502,Cc1nc(-c2ccc3ccccc3c2)oc1CCOc1ccc(CC2OC(=O)NC2=O)cc1,ChEMBL37_chemreps,442.471,33,4.602,1,6,90.66
CHEMBL42599,5,-12.96,-11.852,-12.0,1.0887469862185615,-11.868112229170915,Cn1nnnc1-c1cc(NC(=O)NCCCN2CCC[C@@H](Cc3ccc(F)cc3)C2)cc(-c2ccccc2)c1,ChEMBL37_chemreps,527.648,39,5.15,2,6,87.97
CHEMBL20837,5,-12.68,-11.8516,-12.12,1.0734676520510529,-11.866295669546863,COc1ccccc1N1CCN(C(=O)CCc2c(-c3ccccc3)[nH]c3ccc(C)cc23)CC1,ChEMBL37_chemreps,453.586,34,5.433,1,3,48.57
CHEMBL15174,5,-12.85,-11.861999999999998,-11.64,0.6684085576950672,-11.86182433000992,CC1Nc2ccccc2C(=O)N1Cc1ccc(-c2ccccc2-c2nn[nH]n2)cc1,ChEMBL37_chemreps,396.454,30,3.948,2,5,86.8
CHEMBL35842,5,-12.89,-11.854000000000001,-11.74,0.7533458701021731,-11.860210976128986,O=C(c1cccc(Cc2ccccc2)c1)c1ccc2cccnc2c1O,ChEMBL37_chemreps,339.394,26,4.762,1,3,50.19
CHEMBL16239,5,-13.09,-11.8336,-12.35,1.4106327658182334,-11.854893326854237,O=C(Nc1ccc2c(C(=O)c3ccccc3)c(O)n(O)c2c1)c1ccc2ccccc2c1,ChEMBL37_chemreps,422.44,32,5.221,3,5,91.56
CHEMBL11508,5,-12.52,-11.84,-12.25,1.025304832720494,-11.852490055619818,O=C(O)c1cccc(C(=O)/C=C/c2cccc(/C=C/c3ccc4ccccc4n3)c2)c1O,ChEMBL37_chemreps,421.452,32,5.705,2,4,87.49
CHEMBL19051,5,-13.16,-11.834,-11.54,1.166760472419254,-11.84979296748645,O=S1(=O)c2cccc3cccc(c23)N1CCN1CC=C(Cc2c[nH]c3ccc(F)cc23)CC1,ChEMBL37_chemreps,461.562,33,4.844,1,3,56.41
CHEMBL16337,5,-12.53,-11.842,-12.08,0.6784320157539736,-11.849255778629573,O=c1c2c(oc(O)c1[C@@H](c1cccc(NS(=O)(=O)c3cccc4cccnc34)c1)C1CC1)CCCCCC2,ChEMBL37_chemreps,530.646,38,5.895,2,6,109.5
CHEMBL4434821,5,-12.61,-11.84,-12.07,0.9029950165975449,-11.848157641050737,O=C(O)c1cc(-c2ccc(C3CCNCC3)cc2)cc(-n2cc(-c3cccc(O)c3)nn2)c1,ChEMBL37_chemreps,440.503,33,4.472,3,6,100.27
CHEMBL37717,5,-12.51,-11.831999999999999,-12.04,0.7656827019072591,-11.843506398242226,O=C1c2ccccc2C(=O)N1CCCCN1C2CCC1c1c([nH]c3ccccc13)C2,ChEMBL37_chemreps,399.494,30,4.306,1,3,56.41
CHEMBL18413,5,-12.13,-11.838,-11.9,0.2820815484926301,-11.840251219772757,c1cc(OCc2ccc3ccccc3n2)cc(OCc2ccccc2-c2nn[nH]n2)c1,ChEMBL37_chemreps,409.449,31,4.573,1,6,85.81
CHEMBL22908,5,-12.39,-11.835999999999999,-11.91,0.5860716679724419,-11.839591974340836,CC(=O)c1c(OCc2ccc(-c3ccccc3-c3nn[nH]n3)cc2)cc(C)nc1C,ChEMBL37_chemreps,399.454,30,4.327,1,6,93.65
CHEMBL18564,5,-12.04,-11.836,-11.89,0.21220273325289624,-11.83898736737638,c1cc(OCc2cccc(-c3nn[nH]n3)c2)cc(OCc2ccc3ccccc3n2)c1,ChEMBL37_chemreps,409.449,31,4.573,1,6,85.81
CHEMBL20754,5,-13.45,-11.812000000000001,-12.17,1.694674009949996,-11.835602266996304,O=C(Cn1c(C2CCNCC2)nc2cc(Cl)c(Cl)cc21)NNC(=O)Nc1ccc2ccccc2c1,ChEMBL37_chemreps,511.413,35,4.816,4,5,100.08
CHEMBL18833,5,-12.24,-11.829999999999998,-11.87,0.33309157899892927,-11.832429999789227,c1cc(COc2cccc(-c3nn[nH]n3)c2)cc(OCc2ccc3ccccc3n2)c1,ChEMBL37_chemreps,409.449,31,4.573,1,6,85.81
CHEMBL38476,5,-12.58,-11.816199999999998,-12.25,1.1506138361761513,-11.830602996771319,Cc1c(-c2ccc(-c3ccc(C(F)(F)F)cc3)cc2)nc2ccc(F)cc2c1C(=O)[O-],ChEMBL37_chemreps,424.373,31,5.399,0,3,53.02
CHEMBL18627,5,-12.37,-11.818000000000001,-12.16,0.9765602899974992,-11.829770024420347,CC(=O)[C@@H]1CN(Cc2ccc(-c3ccccc3S(N)(=O)=O)cc2)C[C@H]1c1cccc(C(=N)N)c1,ChEMBL37_chemreps,476.602,34,3.09,3,5,130.34
CHEMBL6819,5,-12.46,-11.822,-11.86,0.790613685689794,-11.829546622793572,Cc1oc(-c2ccc(C(F)(F)F)cc2)nc1COc1cccc(C2CC2Cn2oc(=O)[nH]c2=O)c1,ChEMBL37_chemreps,487.434,35,4.495,1,7,103.26
CHEMBL20299,5,-12.72,-11.8098,-12.32,1.0960498163860988,-11.82566701138403,Cc1cc(C(=O)Nc2ncc(-c3ccccc3S(N)(=O)=O)cn2)n(-c2ccc3cc(Cl)ccc3c2)n1,ChEMBL37_chemreps,518.986,36,4.344,2,7,132.86
CHEMBL18579,5,-12.66,-11.809999999999999,-12.22,1.0359295342830999,-11.8215173991144,O=C(O)c1ccccc1Cn1nnc(-c2ccc(CSc3ccc4ccccc4n3)cc2)n1,ChEMBL37_chemreps,453.527,33,4.927,1,7,93.79
CHEMBL11687,5,-12.4,-11.812,-12.25,0.8367616147983842,-11.821080493408553,O=C(O)c1ccccc1C(=O)/C=C/c1cccc(OCc2ccc3ccccc3n2)c1,ChEMBL37_chemreps,409.441,31,5.408,1,4,76.49
CHEMBL1076624,5,-12.68,-11.808000000000002,-12.24,1.059136440691189,-11.818357198751958,COc1ccc(C[C@H](C)CN2C[C@@H]3CCCC[C@@H]3[C@H](C(=O)N3CCN(c4ccc(F)c(F)c4)CC3)C2)cn1,ChEMBL37_chemreps,526.672,38,4.634,0,5,48.91
CHEMBL38574,5,-13.3,-11.805000000000001,-11.79,1.2741271522104851,-11.817877927967672,Cc1sc(-c2ccc3ccccc3c2)nc1CCOc1ccc(CC2OC(=O)NC2=O)cc1,ChEMBL37_chemreps,458.539,33,5.071,1,6,77.52
CHEMBL11010,5,-12.27,-11.812,-11.79,0.4804893339086728,-11.817668739529626,O=C(O)COc1cccc2c1CCC(CC1C=NC(C(c3ccccc3)c3ccccc3)=N1)C2,ChEMBL37_chemreps,452.554,34,5.329,1,4,71.25
CHEMBL32187,5,-12.96,-11.8012,-12.08,1.1112637850663547,-11.816569832463388,CC(=O)N1CCC[C@@H]1c1cc2cc(C(=O)N3CCC(N4C(=O)OCc5ccccc54)CC3)ccc2o1,ChEMBL37_chemreps,487.556,36,4.878,0,5,83.3
CHEMBL35493,5,-13.06,-11.7888,-12.66,1.4985283447436017,-11.811375361649391,Cc1c[nH]c2c1[C@@]13C[C@@H]1CN(C(=O)c1cc4cc(NC(=O)c5cc6ccccc6o5)ccc4[nH]1)C3=CC2=O,ChEMBL37_chemreps,502.53,38,5.297,3,4,111.2
CHEMBL19115,5,-12.1,-11.802000000000001,-11.98,0.43211109682580456,-11.806508356040966,O=C(O)c1cccc(Cn2nnnc2-c2cccc(CSc3ccc4ccccc4n3)c2)c1,ChEMBL37_chemreps,453.527,33,4.927,1,7,93.79
CHEMBL36276,5,-12.84,-11.798000000000002,-11.64,0.7249965517159376,-11.801521011796005,C/C(=C(\F)C(=O)Nc1ccc(-c2ccccc2S(N)(=O)=O)cc1F)c1ccc(F)c(C(=N)N)c1,ChEMBL37_chemreps,488.491,34,3.902,4,4,139.13
CHEMBL3309390,5,-12.52,-11.782,-11.97,0.8097962706755321,-11.792427651868309,C[C@H](O)CNc1nccc(-n2ccnc2Cc2cccc(NC(=O)c3ccccc3-c3ccccc3)c2)n1,ChEMBL37_chemreps,504.594,38,4.965,3,7,104.96
CHEMBL6637,5,-13.0,-11.7766,-11.74,1.2842421111301403,-11.788042942384303,C/C(=C\Cn1oc(=O)[nH]c1=O)c1ccc(OCCc2nc(-c3ccc(C(F)(F)F)cc3)oc2C)cc1,ChEMBL37_chemreps,501.461,36,4.837,1,7,103.26
CHEMBL38655,5,-12.93,-11.774,-11.5,1.2150020576114264,-11.782215004235507,O=C(N[C@@H]1CCCCCC1OC(=O)c1ccc(C(=O)C2C(O)=CC=CC2C(=O)O)c(O)c1)c1ccc(O)cc1,ChEMBL37_chemreps,535.549,39,3.897,5,8,170.46
CHEMBL37777,5,-13.62,-11.76,-11.06,1.6757088052522728,-11.78176975571658,CN1CCN(C(=O)CCC(=O)Nc2cc3c4ccccc4ccc3c3ccccc23)CC1,ChEMBL37_chemreps,425.532,32,4.639,1,3,52.65
CHEMBL18671,5,-12.14,-11.772,-11.79,0.37824595172982356,-11.775209395746536,c1cc(COc2cccc(OCc3ccc4ccccc4n3)c2)cc(Cc2nnn[nH]2)c1,ChEMBL37_chemreps,423.476,32,4.497,1,6,85.81
CHEMBL28627,5,-13.22,-11.758,-11.67,1.1544132708869907,-11.772707321444157,CC(=O)N1CCN(Cc2cc3cc(C(=O)N4CCC(N5C(=O)OCc6ccccc65)CC4)ccc3o2)CC1,ChEMBL37_chemreps,516.598,38,3.858,0,6,86.54
CHEMBL530151,5,-12.97,-11.758,-11.7,1.0265817064413336,-11.772383338067819,O=C(Nc1ccc(-c2ccccc2)cc1)Nc1cccc(Cn2ncc(N3CCNCC3)c(Cl)c2=O)c1,ChEMBL37_chemreps,515.017,37,4.666,3,6,91.29
CHEMBL21027,5,-13.34,-11.755,-11.83,1.2772920574402706,-11.771701376364044,Cc1cc(C(=O)Nc2ccc(-c3ccccc3S(N)(=O)=O)cc2F)n(-c2ccc3cc(Cl)ccc3c2)n1,ChEMBL37_chemreps,535.0,37,5.693,2,5,107.08
CHEMBL35096,5,-12.66,-11.7506,-11.92,1.1045504968085436,-11.765895713433627,Fc1ccc2c(CCCN3C4CCCC3c3c([nH]c5ccc(F)cc35)C4)noc2c1,ChEMBL37_chemreps,407.464,30,5.672,1,3,45.06
CHEMBL14088,5,-13.34,-11.75,-11.55,1.1193301568348812,-11.764489420839512,CC(C)(C)CC(=O)N[C@@H]1CCc2ccccc2N(Cc2ccc(-c3ccccc3-c3nn[nH]n3)cc2)C1=O,ChEMBL37_chemreps,508.626,38,4.934,2,5,103.87
CHEMBL6925,5,-12.54,-11.752,-12.1,0.9711179125111424,-11.764035915457331,Cc1oc(-c2ccc(C(F)(F)F)cc2)nc1COc1ccc2oc(Cn3oc(=O)[nH]c3=O)cc2c1,ChEMBL37_chemreps,487.39,35,4.485,1,8,116.4
CHEMBL16254,5,-12.57,-11.7418,-12.12,1.1991356053424482,-11.758183803507944,O=C(Nc1ccccc1)Nc1nc2ccccc2n2c(=O)n(-c3ccccc3)nc12,ChEMBL37_chemreps,396.41,30,3.677,2,6,93.32
CHEMBL21179,5,-12.82,-11.744,-11.96,0.9251648501753622,-11.75754939807416,Cc1cc(C(=O)Nc2ccc(C(=N)N3CCCC3)cc2F)n(-c2cc3ccccc3cc2F)n1,ChEMBL37_chemreps,459.5,34,5.286,2,4,74.01
CHEMBL33871,5,-13.22,-11.742,-11.31,1.0434653803552854,-11.755160798868488,O=C(O)c1cccc2c(=O)cc(-c3cccc(OCc4ccc5ccccc5n4)c3)oc12,ChEMBL37_chemreps,423.424,32,5.285,1,5,89.63
CHEMBL15462,5,-12.25,-11.745999999999999,-12.0,0.6971585185594451,-11.753730535144458,O=C1COc2ccc(C(CN3CCCC3)n3cccc(-c4ccc(C(F)(F)F)cc4)c3=O)cc2N1,ChEMBL37_chemreps,483.49,35,4.55,1,5,63.57
CHEMBL30667,5,-12.5,-11.74,-12.06,0.9467576247382435,-11.753664337945338,CC(=O)NCCc1cc2cc(C(=O)N3CCC(N4C(=O)OCc5ccccc54)CC3)ccc2o1,ChEMBL37_chemreps,461.518,34,3.873,1,5,92.09
CHEMBL4436538,5,-12.89,-11.742,-12.04,0.9769953940526026,-11.751789697231224,Cc1ccc(-c2nnc(SCc3ccc(-c4ccccc4-c4nn[nH]n4)cc3)o2)cc1,ChEMBL37_chemreps,426.505,31,5.184,1,7,93.38
CHEMBL6926,5,-12.49,-11.74,-11.93,0.858952850859697,-11.75158371107374,O=C(c1cc2ccccc2[nH]1)c1cc2cc(OCc3ccccc3)ccc2[nH]1,ChEMBL37_chemreps,366.42,28,5.459,2,2,57.88
CHEMBL16525,5,-12.35,-11.738000000000001,-11.95,0.862363032602859,-11.749657555883093,O=C(Nc1cccc(C(=O)O)c1)Nc1ccc2c(C(=O)c3ccccc3)c(O)n(O)c2c1,ChEMBL37_chemreps,431.404,32,4.157,5,6,140.89
CHEMBL14846,5,-12.29,-11.738,-11.85,0.5758211527896487,-11.743268309153981,O=C(NCCc1c(-c2ccccc2)[nH]c2ccccc12)C12C[C@H]3C[C@@H](C1)C[C@@H](C2)C3,ChEMBL37_chemreps,398.55,30,5.71,2,1,44.89
CHEMBL18501,5,-12.99,-11.73,-11.43,0.9751153777887004,-11.742515785506887,O=S1(=O)c2cccc3cccc(c23)N1CCN1CCC(CCc2c[nH]c3ccc(F)cc23)CC1,ChEMBL37_chemreps,477.605,34,5.314,1,3,56.41
CHEMBL42406,5,-13.21,-11.708,-11.38,1.430443987019415,-11.727625108969743,O=C1c2c(O)cccc2Cc2ccc(Cc3cccc(Oc4ccccc4)c3)c(O)c21,ChEMBL37_chemreps,408.453,31,5.616,2,4,66.76
CHEMBL20660,5,-12.56,-11.7108,-12.06,1.0854184446562534,-11.727007454071915,Cc1cc(C(=O)Nc2ccc(N3CCCCC3=O)cc2)n(-c2ccc3cc(Cl)ccc3c2)n1,ChEMBL37_chemreps,458.949,33,5.757,1,4,67.23
CHEMBL42770,5,-12.12,-11.72,-11.69,0.3492134018046842,-11.722637914784345,O=C(Nc1ccc(C(=O)O)cc1)OCCC1c2ccccc2-c2ccccc21,ChEMBL37_chemreps,373.408,28,5.136,2,3,75.63
CHEMBL7967,5,-12.89,-11.7082,-11.94,1.088545451508572,-11.720521400918864,CC1(C(=O)Nc2ccc(-c3ccccc3S(N)(=O)=O)cc2)CC(c2cccc(C(=N)N)c2)=NO1,ChEMBL37_chemreps,477.546,34,2.807,4,6,160.72
CHEMBL6914,5,-12.7,-11.7084,-11.95,1.0680088014618603,-11.719763559407458,C/C(=C\c1cccc(OCc2nc(-c3ccc(C(F)(F)F)cc3)oc2C)c1)Cn1oc(=O)[nH]c1=O,ChEMBL37_chemreps,487.434,35,4.794,1,7,103.26
CHEMBL20277,5,-13.24,-11.704,-10.87,1.374529010243145,-11.719010929138404,O=C(Cn1c(C2CCNCC2)nc2cc(Cl)c(Cl)cc21)NNC(=O)Nc1ccccc1-c1ccccc1,ChEMBL37_chemreps,537.451,37,5.33,4,5,100.08
CHEMBL4543562,5,-12.62,-11.700599999999998,-11.95,1.0355104055488769,-11.714966614587143,O=C1COc2ccc(-c3cs/c(=N\CCc4ccccc4)n3/N=C/c3ccc4ncccc4c3)cc2N1,ChEMBL37_chemreps,505.603,37,5.121,1,7,80.87
CHEMBL32464,5,-12.39,-11.706,-11.81,0.6614605052457778,-11.71473966343083,c1ccc(Cc2nc3ccc(Nc4ncnc5ccccc45)cc3[nH]2)cc1,ChEMBL37_chemreps,351.413,27,4.841,2,4,66.49
CHEMBL16198,5,-12.71,-11.698,-11.67,1.0327487593795501,-11.712391744389159,COc1cccc([C@@H]2C/C(=N\NC(=O)C(=O)NC(C)c3ccccc3)c3ccccc3N2)c1,ChEMBL37_chemreps,442.519,33,3.95,3,5,91.82
CHEMBL16215,5,-12.77,-11.6916,-12.06,1.4784257844071849,-11.71183590786831,COc1ccc(NC(=O)Nc2nc3ccccc3n3c(=O)n(-c4ccccc4)nc23)cc1,ChEMBL37_chemreps,426.436,32,3.686,2,7,102.55
CHEMBL9034,5,-12.55,-11.696,-11.5,0.7107953291911818,-11.70550637358654,Cn1c(=O)c2nc(-c3ccc(S(=O)(=O)Oc4cccc([N+](=O)[O-])c4)cc3)[nH]c2n(C)c1=O,ChEMBL37_chemreps,457.424,32,1.303,1,10,159.19
CHEMBL20230,5,-12.26,-11.697999999999999,-11.95,0.6513601154507389,-11.703560424763564,CC1(C)C2CC[C@@]1(CS(=O)(=O)N1CCC3(CCc4ccccc43)CC1)[C@@H](NC(=O)Cc1c[nH]cn1)C2,ChEMBL37_chemreps,510.704,36,3.573,2,4,95.16
CHEMBL38990,5,-12.43,-11.691999999999998,-11.76,0.8831307943900493,-11.700289487608991,Cc1oc(-c2ccccc2)nc1Cc1cc2cc(CC3OC(=O)NC3=O)ccc2o1,ChEMBL37_chemreps,402.406,30,4.165,1,6,94.57
CHEMBL33906,5,-12.2,-11.687999999999999,-12.06,0.8791302520104739,-11.698977968985066,N#C/C(=C(/N)Sc1ccccc1N)c1cccc(C(O)c2cccc3ccccc23)c1,ChEMBL37_chemreps,423.541,31,5.447,3,5,96.06
CHEMBL7367,5,-12.77,-11.689999999999998,-11.95,1.0214695296483394,-11.696958135385422,O=C(c1cc2ccccc2[nH]1)c1cc2cc(OC(=O)c3ccccc3Cl)ccc2[nH]1,ChEMBL37_chemreps,414.848,30,5.753,2,3,74.95
CHEMBL4435941,5,-12.19,-11.685999999999998,-12.03,0.7535781313175165,-11.696716840518556,O=C(O)c1ccc(/N=C/c2cc3cc(-c4nc5ccccc5[nH]4)ccc3n3nnnc23)cc1,ChEMBL37_chemreps,433.431,33,4.27,2,7,121.42
CHEMBL4434725,5,-12.73,-11.682000000000002,-11.73,0.9988593494581709,-11.696167277857361,O=c1cc(Cn2cc(CSc3nc4ccccc4[nH]3)nn2)c2ccc3ccccc3c2o1,ChEMBL37_chemreps,439.5,32,4.755,1,7,89.6
CHEMBL7051,5,-12.95,-11.681799999999999,-11.92,1.1329744922106586,-11.69505838250666,CC/C(=C\c1cccc(OCc2nc(-c3ccc(C(F)(F)F)cc3)oc2C)c1)n1oc(=O)[nH]c1=O,ChEMBL37_chemreps,487.434,35,5.099,1,7,103.26
CHEMBL7411,5,-12.29,-11.686,-11.81,0.5689288180431713,-11.693937719761928,COc1cccc(CC(=O)Oc2ccc3[nH]c(C(=O)c4cc5ccccc5[nH]4)cc3c2)c1,ChEMBL37_chemreps,424.456,32,5.037,2,4,84.18
CHEMBL6969,5,-12.54,-11.68,-11.61,0.9711591012805262,-11.693639305136843,O=C(/C=C/c1ccccc1)Oc1ccc2[nH]c(C(=O)c3cc4ccccc4[nH]3)cc2c1,ChEMBL37_chemreps,406.441,31,5.499,2,3,74.95
CHEMBL4436455,5,-12.75,-11.676400000000001,-11.91,1.1378729278790318,-11.693400497186843,FC(F)(F)c1cccc(-n2cc(CN3CCc4c([nH]c5ccccc45)C3)nn2)c1,ChEMBL37_chemreps,397.404,29,4.326,1,4,49.74
CHEMBL12212,5,-12.27,-11.685999999999998,-11.79,0.7028726769479657,-11.693010093916532,O=C(O)COc1ccc(O)c(C(=O)/C=C/c2cccc(/C=C/c3ccc4ccccc4n3)c2)c1,ChEMBL37_chemreps,451.478,34,5.47,2,5,96.72
CHEMBL1163538,5,-12.87,-11.687999999999999,-11.35,0.9689530432379062,-11.692160161732916,O=C(c1ccc(F)cc1)C1CCN(C(=O)c2ccc(-c3ccccc3)cc2)CC1,ChEMBL37_chemreps,387.454,29,5.228,0,2,37.38
CHEMBL4436007,5,-12.44,-11.68,-11.97,0.7154718722633332,-11.690634094347518,O=C(Nc1nc2nccc(-c3ccccc3)n2n1)c1cccc([N+](=O)[O-])c1,ChEMBL37_chemreps,360.333,27,2.952,1,7,115.32
CHEMBL39523,5,-13.02,-11.671199999999999,-12.14,1.3301869041604646,-11.689805709584592,Cc1oc(-c2cccc3ccccc23)nc1COc1ccc(CCCC2OC(=O)NC2=O)cc1,ChEMBL37_chemreps,456.498,34,5.34,1,6,90.66
CHEMBL4436340,5,-12.81,-11.675999999999998,-11.89,0.9649248675415101,-11.68771974487113,O=C(O)c1cccc(/N=C/c2cc3cc(-c4nc5ccccc5[nH]4)ccc3n3nnnc23)c1,ChEMBL37_chemreps,433.431,33,4.27,2,7,121.42
CHEMBL34866,5,-12.4,-11.684000000000001,-11.71,0.6048388215053666,-11.685892056976378,CCc1nn(Cc2ccc(-c3ccccc3-c3nn[nH]n3)cc2)/c(=N/C(=O)C2=C(C(=O)[O-])CCC2)s1,ChEMBL37_chemreps,500.564,36,2.06,1,9,141.84
CHEMBL28853,5,-12.34,-11.682,-11.73,0.5224653098531994,-11.684464348293888,COc1ccc(/N=C(\N)Nc2ccc3c4c(cccc24)CC3)c2ccccc12,ChEMBL37_chemreps,367.452,28,5.159,2,2,59.64
CHEMBL13568,5,-12.73,-11.668000000000001,-11.81,0.9617796005322633,-11.679733114602364,CC(=O)N[C@@H]1CCc2ccccc2N(Cc2ccc(-c3ccccc3-c3nn[nH]n3)cc2)C1=O,ChEMBL37_chemreps,452.518,34,3.518,2,5,103.87
CHEMBL4435536,5,-12.88,-11.6518,-11.81,1.5828617122161996,-11.673998033815469,c1ccc(CCc2ccc3[nH]nc(-c4ccc(N5CCNCC5)nc4)c3c2)cc1,ChEMBL37_chemreps,383.499,29,3.82,2,4,56.84
CHEMBL4116107,5,-12.63,-11.6554,-12.05,1.141317571931669,-11.672099168360308,N=C(N)N1CCC[C@H]1Cc1nc(-c2ccc(Nc3nc(-c4cccc(F)c4)cs3)cc2)no1,ChEMBL37_chemreps,463.542,33,4.643,3,7,116.95
CHEMBL36383,5,-12.51,-11.66,-11.86,0.8741567365181143,-11.670857224379,Cc1oc(C2CCCCC2)nc1Cc1cc2cc(CC3OC(=O)NC3=O)ccc2o1,ChEMBL37_chemreps,408.454,30,4.545,1,6,94.57
CHEMBL4436558,5,-12.78,-11.6592,-11.82,1.2991894396122527,-11.670406563633309,CCc1cccc(NC(=O)c2cccc(/C=C3\CC(=O)N(Cc4ccccc4)C3=O)c2)c1,ChEMBL37_chemreps,424.5,32,4.844,1,3,66.48
CHEMBL20424,5,-12.22,-11.656,-11.95,0.8537739747731831,-11.668129997753956,CC1(C)N=C(N)N=C(N)N1c1cccc(COc2cccc(-c3ccccc3)c2)c1,ChEMBL37_chemreps,399.498,30,4.118,2,6,89.23
CHEMBL24816,5,-13.34,-11.6466,-11.39,1.5327402911126198,-11.66806207189014,CC(=O)NC1N=C(c2ccccc2)c2ccccc2N(CC(=O)NCCc2cccc3ccccc23)C1=O,ChEMBL37_chemreps,504.59,38,3.845,2,4,90.87
CHEMBL6947,5,-12.41,-11.658,-11.99,0.837776819922824,-11.666568167153937,C/C(Cn1oc(=O)[nH]c1=O)=C(/C)c1cccc(OCc2nc(-c3ccc(C(F)(F)F)cc3)oc2C)c1,ChEMBL37_chemreps,501.461,36,5.184,1,7,103.26
CHEMBL11785,5,-12.44,-11.65,-12.19,1.1175195747726296,-11.665919895282158,O=C(O)c1cc(Cl)c(O)c(C(=O)/C=C/c2ccc(OCc3ccc4ccccc4n3)cc2)c1,ChEMBL37_chemreps,459.885,33,5.767,2,5,96.72
CHEMBL16010,5,-13.2,-11.654,-10.97,1.226633604626907,-11.665883732313503,O=c1n(-c2ccccc2)nc2c(NCC(c3ccccc3)c3ccccc3)nc3ccccc3n12,ChEMBL37_chemreps,457.537,35,5.277,1,6,64.22
CHEMBL4543190,5,-12.25,-11.656,-11.89,0.7378211165316433,-11.665456126246285,Cc1c(C(=O)N2C3CCC2CC(C(F)(F)F)C3)cnn1-c1nn2cccc2c(=O)[nH]1,ChEMBL37_chemreps,420.395,30,2.462,1,6,88.29
CHEMBL14247,5,-13.07,-11.644,-11.74,1.0930827964980516,-11.659177642841689,CC(C)(N)CCC(=O)N[C@@H]1CCc2ccccc2N(Cc2ccc(-c3ccccc3-c3nn[nH]n3)cc2)C1=O,ChEMBL37_chemreps,523.641,39,4.015,3,6,129.89
CHEMBL28729,5,-13.51,-11.645999999999999,-11.36,1.1299247762572517,-11.658400165049809,O=C(c1ccc(Nc2ccnc3cc(C(F)(F)F)ccc23)cc1)N1CCN(c2ccccc2)CC1,ChEMBL37_chemreps,476.502,35,5.96,1,4,48.47
CHEMBL9465,5,-12.09,-11.649999999999999,-11.77,0.5494087731370874,-11.655393829067554,Cc1cccc(NC(=O)NNc2nc3ccccc3c(=O)n2-c2cccc(N)c2)c1,ChEMBL37_chemreps,400.442,30,3.425,4,6,114.07
CHEMBL9174,5,-12.2,-11.648000000000001,-11.77,0.6385687120427993,-11.655065448127738,O=C(NCC=C(c1ccccc1)c1ccccc1)c1cnc2ccccc2c1,ChEMBL37_chemreps,364.448,28,5.097,1,2,41.99
CHEMBL32764,5,-12.8,-11.631800000000002,-12.11,1.6207980133255349,-11.654436254039485,O=C(O)c1cccc2c(=O)cc(-c3ccc(/C=C/c4ccc5ccccc5n4)cc3)oc12,ChEMBL37_chemreps,419.436,32,5.877,1,4,80.4
CHEMBL21346,5,-12.51,-11.642,-12.03,0.8140761635129726,-11.650109838896677,CC(=O)Nc1nc2c(C)cnc(-c3cccc(NS(=O)(=O)c4ccc(C)cc4)c3)n2n1,ChEMBL37_chemreps,436.497,31,3.167,2,7,118.35
CHEMBL1076656,5,-12.1,-11.639999999999999,-11.94,0.4985980344927166,-11.646581691587974,CC(Cc1ccc2c(c1)OCO2)CN1C[C@H]2CCCC[C@H]2[C@H](C(=O)N2CCN(c3ccc([N+](=O)[O-])cc3)CC2)C1,ChEMBL37_chemreps,548.684,40,4.589,0,7,88.39
CHEMBL21759,5,-12.17,-11.632000000000001,-11.74,0.5985983628444029,-11.640122846677398,COc1cccc(-c2[nH]c3ccc(C)cc3c2CCC(=O)N2CCN(c3ccccc3OC)CC2)c1,ChEMBL37_chemreps,483.612,36,5.442,1,4,57.8
CHEMBL39033,5,-12.84,-11.623000000000001,-11.87,1.224681591271789,-11.63994822804081,O=C(c1ccccc1)N1CCc2cc(S(=O)(=O)N3CC(c4ccccc4)NC3=O)ccc21,ChEMBL37_chemreps,447.516,32,3.345,1,4,86.79
CHEMBL19270,5,-13.21,-11.620000000000001,-11.23,1.3691968448692833,-11.637919861473996,O=S1(=O)c2cccc3cccc(c23)N1CCN1CCC(Cc2cc3cc(F)ccc3[nH]2)CC1,ChEMBL37_chemreps,463.578,33,4.924,1,3,56.41
CHEMBL18918,5,-12.33,-11.628,-11.7,0.7377126811977684,-11.637644473603377,c1cc(COc2ccc(OCc3ccc4ccccc4n3)cc2)cc(-c2nn[nH]n2)c1,ChEMBL37_chemreps,409.449,31,4.573,1,6,85.81
CHEMBL37035,5,-13.05,-11.628000000000002,-11.35,0.9617796005322634,-11.636002107149551,Cc1ccc(NC(=O)CC(c2ccccc2)c2ccccc2)c(=O)n1CC(=O)NCC1CCN(C(=N)N)CC1,ChEMBL37_chemreps,528.657,39,3.039,4,5,133.31
CHEMBL10377,5,-12.33,-11.628,-11.65,0.6828030462732279,-11.635443284577722,CC(/C=C/C(O)=C1\C(=O)C2CCCN2C1=O)=C\c1ccc2ccccc2c1,ChEMBL37_chemreps,359.425,27,4.185,1,3,57.61
CHEMBL33294,5,-12.37,-11.622,-11.63,0.8903201671309035,-11.634503080068049,O=C(O)c1cccc2c(=O)cc(-c3ccc(OCc4ccc5ccccc5n4)cc3)oc12,ChEMBL37_chemreps,423.424,32,5.285,1,5,89.63
CHEMBL17482,5,-12.81,-11.617,-11.85,1.0482700033865322,-11.632103731633958,Cc1nc(-c2ccc(-c3nc(-c4ccc(F)cc4)c(-c4ccncc4)[nH]3)cc2)no1,ChEMBL37_chemreps,397.413,30,5.303,1,5,80.49
CHEMBL17937,5,-12.14,-11.620000000000001,-11.9,0.7736601320993606,-11.629891626043175,O=S(=O)(Nc1ccc2ccc(OCc3ccc4ccccc4n3)cc2c1)C(F)(F)F,ChEMBL37_chemreps,432.423,30,5.229,1,4,68.29
CHEMBL25455,5,-12.95,-11.62,-11.51,0.9388024286291549,-11.629336274580018,O=c1c(Cc2ccccc2)c(O)c2ccccc2n1Cc1ccc(-c2ccccc2-c2nn[nH]n2)cc1,ChEMBL37_chemreps,485.547,37,5.193,2,6,96.69
CHEMBL10161,5,-12.31,-11.618,-11.83,0.8056488068631393,-11.629138623686494,Cc1noc2c(-c3ccccc3)nn(CCCN3CCN(c4cccc(Cl)c4)CC3)c(=O)c12,ChEMBL37_chemreps,463.969,33,4.226,0,7,67.4
CHEMBL34682,5,-12.16,-11.62,-11.98,0.761347489652393,-11.628020147765547,Oc1ccc(-c2nc3ccc(-c4ccc5nc(-c6ccc(O)cc6)[nH]c5c4)cc3[nH]2)cc1,ChEMBL37_chemreps,418.456,32,5.851,4,4,97.82
